frame_idx,blockID,timestamp_ticks,delta_t_seconds
0.000000000000000000e+00,1.000000000000000000e+00,1.348559679824946000e+15,nan
1.000000000000000000e+00,2.000000000000000000e+00,1.348559679911668000e+15,6.937760000000000064e-04
2.000000000000000000e+00,3.000000000000000000e+00,1.348559679998386000e+15,6.937440000000000447e-04
3.000000000000000000e+00,4.000000000000000000e+00,1.348559680085106000e+15,6.937599999999999713e-04
4.000000000000000000e+00,5.000000000000000000e+00,1.348559680174830000e+15,7.177919999999999743e-04
5.000000000000000000e+00,6.000000000000000000e+00,1.348559680261548000e+15,6.937440000000000447e-04
6.000000000000000000e+00,7.000000000000000000e+00,1.348559680348266000e+15,6.937440000000000447e-04
7.000000000000000000e+00,8.000000000000000000e+00,1.348559680434988000e+15,6.937760000000000064e-04
8.000000000000000000e+00,9.000000000000000000e+00,1.348559680521706000e+15,6.937440000000000447e-04
9.000000000000000000e+00,1.000000000000000000e+01,1.348559680608426000e+15,6.937599999999999713e-04
1.000000000000000000e+01,1.100000000000000000e+01,1.348559680695148000e+15,6.937760000000000064e-04
1.100000000000000000e+01,1.200000000000000000e+01,1.348559680781866000e+15,6.937440000000000447e-04
1.200000000000000000e+01,1.300000000000000000e+01,1.348559680868584000e+15,6.937440000000000447e-04
1.300000000000000000e+01,1.400000000000000000e+01,1.348559680955306000e+15,6.937760000000000064e-04
1.400000000000000000e+01,1.500000000000000000e+01,1.348559681042024000e+15,6.937440000000000447e-04
1.500000000000000000e+01,1.600000000000000000e+01,1.348559681128742000e+15,6.937440000000000447e-04
1.600000000000000000e+01,1.700000000000000000e+01,1.348559681215464000e+15,6.937760000000000064e-04
1.700000000000000000e+01,1.800000000000000000e+01,1.348559681302182000e+15,6.937440000000000447e-04
1.800000000000000000e+01,1.900000000000000000e+01,1.348559681388902000e+15,6.937599999999999713e-04
1.900000000000000000e+01,2.000000000000000000e+01,1.348559681475622000e+15,6.937599999999999713e-04
2.000000000000000000e+01,2.100000000000000000e+01,1.348559681562342000e+15,6.937599999999999713e-04
2.100000000000000000e+01,2.200000000000000000e+01,1.348559681649060000e+15,6.937440000000000447e-04
2.200000000000000000e+01,2.300000000000000000e+01,1.348559681735782000e+15,6.937760000000000064e-04
2.300000000000000000e+01,2.400000000000000000e+01,1.348559681822500000e+15,6.937440000000000447e-04
2.400000000000000000e+01,2.500000000000000000e+01,1.348559681909220000e+15,6.937599999999999713e-04
2.500000000000000000e+01,2.600000000000000000e+01,1.348559681995940000e+15,6.937599999999999713e-04
2.600000000000000000e+01,2.700000000000000000e+01,1.348559682082660000e+15,6.937599999999999713e-04
2.700000000000000000e+01,2.800000000000000000e+01,1.348559682169378000e+15,6.937440000000000447e-04
2.800000000000000000e+01,2.900000000000000000e+01,1.348559682259102000e+15,7.177919999999999743e-04
2.900000000000000000e+01,3.000000000000000000e+01,1.348559682345820000e+15,6.937440000000000447e-04
3.000000000000000000e+01,3.100000000000000000e+01,1.348559682432540000e+15,6.937599999999999713e-04
3.100000000000000000e+01,3.200000000000000000e+01,1.348559682519260000e+15,6.937599999999999713e-04
3.200000000000000000e+01,3.300000000000000000e+01,1.348559682605980000e+15,6.937599999999999713e-04
3.300000000000000000e+01,3.400000000000000000e+01,1.348559682692698000e+15,6.937440000000000447e-04
3.400000000000000000e+01,3.500000000000000000e+01,1.348559682779420000e+15,6.937760000000000064e-04
3.500000000000000000e+01,3.600000000000000000e+01,1.348559682866138000e+15,6.937440000000000447e-04
3.600000000000000000e+01,3.700000000000000000e+01,1.348559682952856000e+15,6.937440000000000447e-04
3.700000000000000000e+01,3.800000000000000000e+01,1.348559683039578000e+15,6.937760000000000064e-04
3.800000000000000000e+01,3.900000000000000000e+01,1.348559683126296000e+15,6.937440000000000447e-04
3.900000000000000000e+01,4.000000000000000000e+01,1.348559683213016000e+15,6.937599999999999713e-04
4.000000000000000000e+01,4.100000000000000000e+01,1.348559683299736000e+15,6.937599999999999713e-04
4.100000000000000000e+01,4.200000000000000000e+01,1.348559683386456000e+15,6.937599999999999713e-04
4.200000000000000000e+01,4.300000000000000000e+01,1.348559683473174000e+15,6.937440000000000447e-04
4.300000000000000000e+01,4.400000000000000000e+01,1.348559683559896000e+15,6.937760000000000064e-04
4.400000000000000000e+01,4.500000000000000000e+01,1.348559683646614000e+15,6.937440000000000447e-04
4.500000000000000000e+01,4.600000000000000000e+01,1.348559683733332000e+15,6.937440000000000447e-04
4.600000000000000000e+01,4.700000000000000000e+01,1.348559683820050000e+15,6.937440000000000447e-04
4.700000000000000000e+01,4.800000000000000000e+01,1.348559683906772000e+15,6.937760000000000064e-04
4.800000000000000000e+01,4.900000000000000000e+01,1.348559683993490000e+15,6.937440000000000447e-04
4.900000000000000000e+01,5.000000000000000000e+01,1.348559684080210000e+15,6.937599999999999713e-04
5.000000000000000000e+01,5.100000000000000000e+01,1.348559684166930000e+15,6.937599999999999713e-04
5.100000000000000000e+01,5.200000000000000000e+01,1.348559684253650000e+15,6.937599999999999713e-04
5.200000000000000000e+01,5.300000000000000000e+01,1.348559684343374000e+15,7.177919999999999743e-04
5.300000000000000000e+01,5.400000000000000000e+01,1.348559684430094000e+15,6.937599999999999713e-04
5.400000000000000000e+01,5.500000000000000000e+01,1.348559684516812000e+15,6.937440000000000447e-04
5.500000000000000000e+01,5.600000000000000000e+01,1.348559684603534000e+15,6.937760000000000064e-04
5.600000000000000000e+01,5.700000000000000000e+01,1.348559684690252000e+15,6.937440000000000447e-04
5.700000000000000000e+01,5.800000000000000000e+01,1.348559684776970000e+15,6.937440000000000447e-04
5.800000000000000000e+01,5.900000000000000000e+01,1.348559684863688000e+15,6.937440000000000447e-04
5.900000000000000000e+01,6.000000000000000000e+01,1.348559684950410000e+15,6.937760000000000064e-04
6.000000000000000000e+01,6.100000000000000000e+01,1.348559685037128000e+15,6.937440000000000447e-04
6.100000000000000000e+01,6.200000000000000000e+01,1.348559685123848000e+15,6.937599999999999713e-04
6.200000000000000000e+01,6.300000000000000000e+01,1.348559685210568000e+15,6.937599999999999713e-04
6.300000000000000000e+01,6.400000000000000000e+01,1.348559685297288000e+15,6.937599999999999713e-04
6.400000000000000000e+01,6.500000000000000000e+01,1.348559685384006000e+15,6.937440000000000447e-04
6.500000000000000000e+01,6.600000000000000000e+01,1.348559685470728000e+15,6.937760000000000064e-04
6.600000000000000000e+01,6.700000000000000000e+01,1.348559685557446000e+15,6.937440000000000447e-04
6.700000000000000000e+01,6.800000000000000000e+01,1.348559685644166000e+15,6.937599999999999713e-04
6.800000000000000000e+01,6.900000000000000000e+01,1.348559685730886000e+15,6.937599999999999713e-04
6.900000000000000000e+01,7.000000000000000000e+01,1.348559685817606000e+15,6.937599999999999713e-04
7.000000000000000000e+01,7.100000000000000000e+01,1.348559685904324000e+15,6.937440000000000447e-04
7.100000000000000000e+01,7.200000000000000000e+01,1.348559685991046000e+15,6.937760000000000064e-04
7.200000000000000000e+01,7.300000000000000000e+01,1.348559686077764000e+15,6.937440000000000447e-04
7.300000000000000000e+01,7.400000000000000000e+01,1.348559686164482000e+15,6.937440000000000447e-04
7.400000000000000000e+01,7.500000000000000000e+01,1.348559686251204000e+15,6.937760000000000064e-04
7.500000000000000000e+01,7.600000000000000000e+01,1.348559686337922000e+15,6.937440000000000447e-04
7.600000000000000000e+01,7.700000000000000000e+01,1.348559686427648000e+15,7.178080000000000094e-04
7.700000000000000000e+01,7.800000000000000000e+01,1.348559686514366000e+15,6.937440000000000447e-04
7.800000000000000000e+01,7.900000000000000000e+01,1.348559686601084000e+15,6.937440000000000447e-04
7.900000000000000000e+01,8.000000000000000000e+01,1.348559686687802000e+15,6.937440000000000447e-04
8.000000000000000000e+01,8.100000000000000000e+01,1.348559686774524000e+15,6.937760000000000064e-04
8.100000000000000000e+01,8.200000000000000000e+01,1.348559686861242000e+15,6.937440000000000447e-04
8.200000000000000000e+01,8.300000000000000000e+01,1.348559686947962000e+15,6.937599999999999713e-04
8.300000000000000000e+01,8.400000000000000000e+01,1.348559687034682000e+15,6.937599999999999713e-04
8.400000000000000000e+01,8.500000000000000000e+01,1.348559687121402000e+15,6.937599999999999713e-04
8.500000000000000000e+01,8.600000000000000000e+01,1.348559687208120000e+15,6.937440000000000447e-04
8.600000000000000000e+01,8.700000000000000000e+01,1.348559687294842000e+15,6.937760000000000064e-04
8.700000000000000000e+01,8.800000000000000000e+01,1.348559687381560000e+15,6.937440000000000447e-04
8.800000000000000000e+01,8.900000000000000000e+01,1.348559687468278000e+15,6.937440000000000447e-04
8.900000000000000000e+01,9.000000000000000000e+01,1.348559687555000000e+15,6.937760000000000064e-04
9.000000000000000000e+01,9.100000000000000000e+01,1.348559687641720000e+15,6.937599999999999713e-04
9.100000000000000000e+01,9.200000000000000000e+01,1.348559687728436000e+15,6.937280000000000096e-04
9.200000000000000000e+01,9.300000000000000000e+01,1.348559687815160000e+15,6.937920000000000415e-04
9.300000000000000000e+01,9.400000000000000000e+01,1.348559687901878000e+15,6.937440000000000447e-04
9.400000000000000000e+01,9.500000000000000000e+01,1.348559687988596000e+15,6.937440000000000447e-04
9.500000000000000000e+01,9.600000000000000000e+01,1.348559688075318000e+15,6.937760000000000064e-04
9.600000000000000000e+01,9.700000000000000000e+01,1.348559688162036000e+15,6.937440000000000447e-04
9.700000000000000000e+01,9.800000000000000000e+01,1.348559688248754000e+15,6.937440000000000447e-04
9.800000000000000000e+01,9.900000000000000000e+01,1.348559688335476000e+15,6.937760000000000064e-04
9.900000000000000000e+01,1.000000000000000000e+02,1.348559688422194000e+15,6.937440000000000447e-04
1.000000000000000000e+02,1.010000000000000000e+02,1.348559688511916000e+15,7.177760000000000477e-04
1.010000000000000000e+02,1.020000000000000000e+02,1.348559688598638000e+15,6.937760000000000064e-04
1.020000000000000000e+02,1.030000000000000000e+02,1.348559688685356000e+15,6.937440000000000447e-04
1.030000000000000000e+02,1.040000000000000000e+02,1.348559688772076000e+15,6.937599999999999713e-04
1.040000000000000000e+02,1.050000000000000000e+02,1.348559688858796000e+15,6.937599999999999713e-04
1.050000000000000000e+02,1.060000000000000000e+02,1.348559688945516000e+15,6.937599999999999713e-04
1.060000000000000000e+02,1.070000000000000000e+02,1.348559689032234000e+15,6.937440000000000447e-04
1.070000000000000000e+02,1.080000000000000000e+02,1.348559689118956000e+15,6.937760000000000064e-04
1.080000000000000000e+02,1.090000000000000000e+02,1.348559689205674000e+15,6.937440000000000447e-04
1.090000000000000000e+02,1.100000000000000000e+02,1.348559689292392000e+15,6.937440000000000447e-04
1.100000000000000000e+02,1.110000000000000000e+02,1.348559689379114000e+15,6.937760000000000064e-04
1.110000000000000000e+02,1.120000000000000000e+02,1.348559689465832000e+15,6.937440000000000447e-04
1.120000000000000000e+02,1.130000000000000000e+02,1.348559689552550000e+15,6.937440000000000447e-04
1.130000000000000000e+02,1.140000000000000000e+02,1.348559689639270000e+15,6.937599999999999713e-04
1.140000000000000000e+02,1.150000000000000000e+02,1.348559689725990000e+15,6.937599999999999713e-04
1.150000000000000000e+02,1.160000000000000000e+02,1.348559689812710000e+15,6.937599999999999713e-04
1.160000000000000000e+02,1.170000000000000000e+02,1.348559689899428000e+15,6.937440000000000447e-04
1.170000000000000000e+02,1.180000000000000000e+02,1.348559689986150000e+15,6.937760000000000064e-04
1.180000000000000000e+02,1.190000000000000000e+02,1.348559690072868000e+15,6.937440000000000447e-04
1.190000000000000000e+02,1.200000000000000000e+02,1.348559690159588000e+15,6.937599999999999713e-04
1.200000000000000000e+02,1.210000000000000000e+02,1.348559690246308000e+15,6.937599999999999713e-04
1.210000000000000000e+02,1.220000000000000000e+02,1.348559690333028000e+15,6.937599999999999713e-04
1.220000000000000000e+02,1.230000000000000000e+02,1.348559690419746000e+15,6.937440000000000447e-04
1.230000000000000000e+02,1.240000000000000000e+02,1.348559690506468000e+15,6.937760000000000064e-04
1.240000000000000000e+02,1.250000000000000000e+02,1.348559690596188000e+15,7.177600000000000126e-04
1.250000000000000000e+02,1.260000000000000000e+02,1.348559690682908000e+15,6.937599999999999713e-04
1.260000000000000000e+02,1.270000000000000000e+02,1.348559690769628000e+15,6.937599999999999713e-04
1.270000000000000000e+02,1.280000000000000000e+02,1.348559690856348000e+15,6.937599999999999713e-04
1.280000000000000000e+02,1.290000000000000000e+02,1.348559690943066000e+15,6.937440000000000447e-04
1.290000000000000000e+02,1.300000000000000000e+02,1.348559691029788000e+15,6.937760000000000064e-04
1.300000000000000000e+02,1.310000000000000000e+02,1.348559691116506000e+15,6.937440000000000447e-04
1.310000000000000000e+02,1.320000000000000000e+02,1.348559691203226000e+15,6.937599999999999713e-04
1.320000000000000000e+02,1.330000000000000000e+02,1.348559691289946000e+15,6.937599999999999713e-04
1.330000000000000000e+02,1.340000000000000000e+02,1.348559691376666000e+15,6.937599999999999713e-04
1.340000000000000000e+02,1.350000000000000000e+02,1.348559691463384000e+15,6.937440000000000447e-04
1.350000000000000000e+02,1.360000000000000000e+02,1.348559691550106000e+15,6.937760000000000064e-04
1.360000000000000000e+02,1.370000000000000000e+02,1.348559691636824000e+15,6.937440000000000447e-04
1.370000000000000000e+02,1.380000000000000000e+02,1.348559691723542000e+15,6.937440000000000447e-04
1.380000000000000000e+02,1.390000000000000000e+02,1.348559691810264000e+15,6.937760000000000064e-04
1.390000000000000000e+02,1.400000000000000000e+02,1.348559691896982000e+15,6.937440000000000447e-04
1.400000000000000000e+02,1.410000000000000000e+02,1.348559691983700000e+15,6.937440000000000447e-04
1.410000000000000000e+02,1.420000000000000000e+02,1.348559692070422000e+15,6.937760000000000064e-04
1.420000000000000000e+02,1.430000000000000000e+02,1.348559692157140000e+15,6.937440000000000447e-04
1.430000000000000000e+02,1.440000000000000000e+02,1.348559692243860000e+15,6.937599999999999713e-04
1.440000000000000000e+02,1.450000000000000000e+02,1.348559692330582000e+15,6.937760000000000064e-04
1.450000000000000000e+02,1.460000000000000000e+02,1.348559692417300000e+15,6.937440000000000447e-04
1.460000000000000000e+02,1.470000000000000000e+02,1.348559692504018000e+15,6.937440000000000447e-04
1.470000000000000000e+02,1.480000000000000000e+02,1.348559692590740000e+15,6.937760000000000064e-04
1.480000000000000000e+02,1.490000000000000000e+02,1.348559692680464000e+15,7.177919999999999743e-04
1.490000000000000000e+02,1.500000000000000000e+02,1.348559692767182000e+15,6.937440000000000447e-04
1.500000000000000000e+02,1.510000000000000000e+02,1.348559692853904000e+15,6.937760000000000064e-04
1.510000000000000000e+02,1.520000000000000000e+02,1.348559692940622000e+15,6.937440000000000447e-04
1.520000000000000000e+02,1.530000000000000000e+02,1.348559693027342000e+15,6.937599999999999713e-04
1.530000000000000000e+02,1.540000000000000000e+02,1.348559693114062000e+15,6.937599999999999713e-04
1.540000000000000000e+02,1.550000000000000000e+02,1.348559693200782000e+15,6.937599999999999713e-04
1.550000000000000000e+02,1.560000000000000000e+02,1.348559693287500000e+15,6.937440000000000447e-04
1.560000000000000000e+02,1.570000000000000000e+02,1.348559693374222000e+15,6.937760000000000064e-04
1.570000000000000000e+02,1.580000000000000000e+02,1.348559693460940000e+15,6.937440000000000447e-04
1.580000000000000000e+02,1.590000000000000000e+02,1.348559693547660000e+15,6.937599999999999713e-04
1.590000000000000000e+02,1.600000000000000000e+02,1.348559693634380000e+15,6.937599999999999713e-04
1.600000000000000000e+02,1.610000000000000000e+02,1.348559693721100000e+15,6.937599999999999713e-04
1.610000000000000000e+02,1.620000000000000000e+02,1.348559693807818000e+15,6.937440000000000447e-04
1.620000000000000000e+02,1.630000000000000000e+02,1.348559693894540000e+15,6.937760000000000064e-04
1.630000000000000000e+02,1.640000000000000000e+02,1.348559693981258000e+15,6.937440000000000447e-04
1.640000000000000000e+02,1.650000000000000000e+02,1.348559694067976000e+15,6.937440000000000447e-04
1.650000000000000000e+02,1.660000000000000000e+02,1.348559694154698000e+15,6.937760000000000064e-04
1.660000000000000000e+02,1.670000000000000000e+02,1.348559694241416000e+15,6.937440000000000447e-04
1.670000000000000000e+02,1.680000000000000000e+02,1.348559694328134000e+15,6.937440000000000447e-04
1.680000000000000000e+02,1.690000000000000000e+02,1.348559694414856000e+15,6.937760000000000064e-04
1.690000000000000000e+02,1.700000000000000000e+02,1.348559694501576000e+15,6.937599999999999713e-04
1.700000000000000000e+02,1.710000000000000000e+02,1.348559694588294000e+15,6.937440000000000447e-04
1.710000000000000000e+02,1.720000000000000000e+02,1.348559694675016000e+15,6.937760000000000064e-04
1.720000000000000000e+02,1.730000000000000000e+02,1.348559694764736000e+15,7.177600000000000126e-04
1.730000000000000000e+02,1.740000000000000000e+02,1.348559694851456000e+15,6.937599999999999713e-04
1.740000000000000000e+02,1.750000000000000000e+02,1.348559694938176000e+15,6.937599999999999713e-04
1.750000000000000000e+02,1.760000000000000000e+02,1.348559695024896000e+15,6.937599999999999713e-04
1.760000000000000000e+02,1.770000000000000000e+02,1.348559695111614000e+15,6.937440000000000447e-04
1.770000000000000000e+02,1.780000000000000000e+02,1.348559695198336000e+15,6.937760000000000064e-04
1.780000000000000000e+02,1.790000000000000000e+02,1.348559695285054000e+15,6.937440000000000447e-04
1.790000000000000000e+02,1.800000000000000000e+02,1.348559695371772000e+15,6.937440000000000447e-04
1.800000000000000000e+02,1.810000000000000000e+02,1.348559695458494000e+15,6.937760000000000064e-04
1.810000000000000000e+02,1.820000000000000000e+02,1.348559695545214000e+15,6.937599999999999713e-04
1.820000000000000000e+02,1.830000000000000000e+02,1.348559695631932000e+15,6.937440000000000447e-04
1.830000000000000000e+02,1.840000000000000000e+02,1.348559695718654000e+15,6.937760000000000064e-04
1.840000000000000000e+02,1.850000000000000000e+02,1.348559695805372000e+15,6.937440000000000447e-04
1.850000000000000000e+02,1.860000000000000000e+02,1.348559695892090000e+15,6.937440000000000447e-04
1.860000000000000000e+02,1.870000000000000000e+02,1.348559695978812000e+15,6.937760000000000064e-04
1.870000000000000000e+02,1.880000000000000000e+02,1.348559696065530000e+15,6.937440000000000447e-04
1.880000000000000000e+02,1.890000000000000000e+02,1.348559696152248000e+15,6.937440000000000447e-04
1.890000000000000000e+02,1.900000000000000000e+02,1.348559696238968000e+15,6.937599999999999713e-04
1.900000000000000000e+02,1.910000000000000000e+02,1.348559696325688000e+15,6.937599999999999713e-04
1.910000000000000000e+02,1.920000000000000000e+02,1.348559696412408000e+15,6.937599999999999713e-04
1.920000000000000000e+02,1.930000000000000000e+02,1.348559696499126000e+15,6.937440000000000447e-04
1.930000000000000000e+02,1.940000000000000000e+02,1.348559696585848000e+15,6.937760000000000064e-04
1.940000000000000000e+02,1.950000000000000000e+02,1.348559696672566000e+15,6.937440000000000447e-04
1.950000000000000000e+02,1.960000000000000000e+02,1.348559696759284000e+15,6.937440000000000447e-04
1.960000000000000000e+02,1.970000000000000000e+02,1.348559696849010000e+15,7.178080000000000094e-04
1.970000000000000000e+02,1.980000000000000000e+02,1.348559696935728000e+15,6.937440000000000447e-04
1.980000000000000000e+02,1.990000000000000000e+02,1.348559697022446000e+15,6.937440000000000447e-04
1.990000000000000000e+02,2.000000000000000000e+02,1.348559697109168000e+15,6.937760000000000064e-04
2.000000000000000000e+02,2.010000000000000000e+02,1.348559697195886000e+15,6.937440000000000447e-04
2.010000000000000000e+02,2.020000000000000000e+02,1.348559697282606000e+15,6.937599999999999713e-04
2.020000000000000000e+02,2.030000000000000000e+02,1.348559697369326000e+15,6.937599999999999713e-04
2.030000000000000000e+02,2.040000000000000000e+02,1.348559697456046000e+15,6.937599999999999713e-04
2.040000000000000000e+02,2.050000000000000000e+02,1.348559697542764000e+15,6.937440000000000447e-04
2.050000000000000000e+02,2.060000000000000000e+02,1.348559697629486000e+15,6.937760000000000064e-04
2.060000000000000000e+02,2.070000000000000000e+02,1.348559697716204000e+15,6.937440000000000447e-04
2.070000000000000000e+02,2.080000000000000000e+02,1.348559697802922000e+15,6.937440000000000447e-04
2.080000000000000000e+02,2.090000000000000000e+02,1.348559697889644000e+15,6.937760000000000064e-04
2.090000000000000000e+02,2.100000000000000000e+02,1.348559697976362000e+15,6.937440000000000447e-04
2.100000000000000000e+02,2.110000000000000000e+02,1.348559698063082000e+15,6.937599999999999713e-04
2.110000000000000000e+02,2.120000000000000000e+02,1.348559698149802000e+15,6.937599999999999713e-04
2.120000000000000000e+02,2.130000000000000000e+02,1.348559698236522000e+15,6.937599999999999713e-04
2.130000000000000000e+02,2.140000000000000000e+02,1.348559698323240000e+15,6.937440000000000447e-04
2.140000000000000000e+02,2.150000000000000000e+02,1.348559698409962000e+15,6.937760000000000064e-04
2.150000000000000000e+02,2.160000000000000000e+02,1.348559698496680000e+15,6.937440000000000447e-04
2.160000000000000000e+02,2.170000000000000000e+02,1.348559698583398000e+15,6.937440000000000447e-04
2.170000000000000000e+02,2.180000000000000000e+02,1.348559698670120000e+15,6.937760000000000064e-04
2.180000000000000000e+02,2.190000000000000000e+02,1.348559698756838000e+15,6.937440000000000447e-04
2.190000000000000000e+02,2.200000000000000000e+02,1.348559698843556000e+15,6.937440000000000447e-04
2.200000000000000000e+02,2.210000000000000000e+02,1.348559698933282000e+15,7.178080000000000094e-04
2.210000000000000000e+02,2.220000000000000000e+02,1.348559699020000000e+15,6.937440000000000447e-04
2.220000000000000000e+02,2.230000000000000000e+02,1.348559699106720000e+15,6.937599999999999713e-04
2.230000000000000000e+02,2.240000000000000000e+02,1.348559699193440000e+15,6.937599999999999713e-04
2.240000000000000000e+02,2.250000000000000000e+02,1.348559699280160000e+15,6.937599999999999713e-04
2.250000000000000000e+02,2.260000000000000000e+02,1.348559699366878000e+15,6.937440000000000447e-04
2.260000000000000000e+02,2.270000000000000000e+02,1.348559699453600000e+15,6.937760000000000064e-04
2.270000000000000000e+02,2.280000000000000000e+02,1.348559699540318000e+15,6.937440000000000447e-04
2.280000000000000000e+02,2.290000000000000000e+02,1.348559699627036000e+15,6.937440000000000447e-04
2.290000000000000000e+02,2.300000000000000000e+02,1.348559699713758000e+15,6.937760000000000064e-04
2.300000000000000000e+02,2.310000000000000000e+02,1.348559699800476000e+15,6.937440000000000447e-04
2.310000000000000000e+02,2.320000000000000000e+02,1.348559699887194000e+15,6.937440000000000447e-04
2.320000000000000000e+02,2.330000000000000000e+02,1.348559699973916000e+15,6.937760000000000064e-04
2.330000000000000000e+02,2.340000000000000000e+02,1.348559700060634000e+15,6.937440000000000447e-04
2.340000000000000000e+02,2.350000000000000000e+02,1.348559700147354000e+15,6.937599999999999713e-04
2.350000000000000000e+02,2.360000000000000000e+02,1.348559700234076000e+15,6.937760000000000064e-04
2.360000000000000000e+02,2.370000000000000000e+02,1.348559700320794000e+15,6.937440000000000447e-04
2.370000000000000000e+02,2.380000000000000000e+02,1.348559700407512000e+15,6.937440000000000447e-04
2.380000000000000000e+02,2.390000000000000000e+02,1.348559700494234000e+15,6.937760000000000064e-04
2.390000000000000000e+02,2.400000000000000000e+02,1.348559700580952000e+15,6.937440000000000447e-04
2.400000000000000000e+02,2.410000000000000000e+02,1.348559700667670000e+15,6.937440000000000447e-04
2.410000000000000000e+02,2.420000000000000000e+02,1.348559700754392000e+15,6.937760000000000064e-04
2.420000000000000000e+02,2.430000000000000000e+02,1.348559700841110000e+15,6.937440000000000447e-04
2.430000000000000000e+02,2.440000000000000000e+02,1.348559700927830000e+15,6.937599999999999713e-04
2.440000000000000000e+02,2.450000000000000000e+02,1.348559701017554000e+15,7.177919999999999743e-04
2.450000000000000000e+02,2.460000000000000000e+02,1.348559701104272000e+15,6.937440000000000447e-04
2.460000000000000000e+02,2.470000000000000000e+02,1.348559701190990000e+15,6.937440000000000447e-04
2.470000000000000000e+02,2.480000000000000000e+02,1.348559701277714000e+15,6.937920000000000415e-04
2.480000000000000000e+02,2.490000000000000000e+02,1.348559701364432000e+15,6.937440000000000447e-04
2.490000000000000000e+02,2.500000000000000000e+02,1.348559701451150000e+15,6.937440000000000447e-04
2.500000000000000000e+02,2.510000000000000000e+02,1.348559701537872000e+15,6.937760000000000064e-04
2.510000000000000000e+02,2.520000000000000000e+02,1.348559701624590000e+15,6.937440000000000447e-04
2.520000000000000000e+02,2.530000000000000000e+02,1.348559701711308000e+15,6.937440000000000447e-04
2.530000000000000000e+02,2.540000000000000000e+02,1.348559701798028000e+15,6.937599999999999713e-04
2.540000000000000000e+02,2.550000000000000000e+02,1.348559701884748000e+15,6.937599999999999713e-04
2.550000000000000000e+02,2.560000000000000000e+02,1.348559701971468000e+15,6.937599999999999713e-04
2.560000000000000000e+02,2.570000000000000000e+02,1.348559702058188000e+15,6.937599999999999713e-04
2.570000000000000000e+02,2.580000000000000000e+02,1.348559702144908000e+15,6.937599999999999713e-04
2.580000000000000000e+02,2.590000000000000000e+02,1.348559702231626000e+15,6.937440000000000447e-04
2.590000000000000000e+02,2.600000000000000000e+02,1.348559702318344000e+15,6.937440000000000447e-04
2.600000000000000000e+02,2.610000000000000000e+02,1.348559702405066000e+15,6.937760000000000064e-04
2.610000000000000000e+02,2.620000000000000000e+02,1.348559702491784000e+15,6.937440000000000447e-04
2.620000000000000000e+02,2.630000000000000000e+02,1.348559702578502000e+15,6.937440000000000447e-04
2.630000000000000000e+02,2.640000000000000000e+02,1.348559702665226000e+15,6.937920000000000415e-04
2.640000000000000000e+02,2.650000000000000000e+02,1.348559702751944000e+15,6.937440000000000447e-04
2.650000000000000000e+02,2.660000000000000000e+02,1.348559702838662000e+15,6.937440000000000447e-04
2.660000000000000000e+02,2.670000000000000000e+02,1.348559702925384000e+15,6.937760000000000064e-04
2.670000000000000000e+02,2.680000000000000000e+02,1.348559703012102000e+15,6.937440000000000447e-04
2.680000000000000000e+02,2.690000000000000000e+02,1.348559703101826000e+15,7.177919999999999743e-04
2.690000000000000000e+02,2.700000000000000000e+02,1.348559703188546000e+15,6.937599999999999713e-04
2.700000000000000000e+02,2.710000000000000000e+02,1.348559703275264000e+15,6.937440000000000447e-04
2.710000000000000000e+02,2.720000000000000000e+02,1.348559703361982000e+15,6.937440000000000447e-04
2.720000000000000000e+02,2.730000000000000000e+02,1.348559703448704000e+15,6.937760000000000064e-04
2.730000000000000000e+02,2.740000000000000000e+02,1.348559703535422000e+15,6.937440000000000447e-04
2.740000000000000000e+02,2.750000000000000000e+02,1.348559703622140000e+15,6.937440000000000447e-04
2.750000000000000000e+02,2.760000000000000000e+02,1.348559703708862000e+15,6.937760000000000064e-04
2.760000000000000000e+02,2.770000000000000000e+02,1.348559703795582000e+15,6.937599999999999713e-04
2.770000000000000000e+02,2.780000000000000000e+02,1.348559703882300000e+15,6.937440000000000447e-04
2.780000000000000000e+02,2.790000000000000000e+02,1.348559703969022000e+15,6.937760000000000064e-04
2.790000000000000000e+02,2.800000000000000000e+02,1.348559704055740000e+15,6.937440000000000447e-04
2.800000000000000000e+02,2.810000000000000000e+02,1.348559704142458000e+15,6.937440000000000447e-04
2.810000000000000000e+02,2.820000000000000000e+02,1.348559704229180000e+15,6.937760000000000064e-04
2.820000000000000000e+02,2.830000000000000000e+02,1.348559704315898000e+15,6.937440000000000447e-04
2.830000000000000000e+02,2.840000000000000000e+02,1.348559704402616000e+15,6.937440000000000447e-04
2.840000000000000000e+02,2.850000000000000000e+02,1.348559704489338000e+15,6.937760000000000064e-04
2.850000000000000000e+02,2.860000000000000000e+02,1.348559704576056000e+15,6.937440000000000447e-04
2.860000000000000000e+02,2.870000000000000000e+02,1.348559704662776000e+15,6.937599999999999713e-04
2.870000000000000000e+02,2.880000000000000000e+02,1.348559704749496000e+15,6.937599999999999713e-04
2.880000000000000000e+02,2.890000000000000000e+02,1.348559704836216000e+15,6.937599999999999713e-04
2.890000000000000000e+02,2.900000000000000000e+02,1.348559704922934000e+15,6.937440000000000447e-04
2.900000000000000000e+02,2.910000000000000000e+02,1.348559705009656000e+15,6.937760000000000064e-04
2.910000000000000000e+02,2.920000000000000000e+02,1.348559705096374000e+15,6.937440000000000447e-04
2.920000000000000000e+02,2.930000000000000000e+02,1.348559705186096000e+15,7.177760000000000477e-04
2.930000000000000000e+02,2.940000000000000000e+02,1.348559705272818000e+15,6.937760000000000064e-04
2.940000000000000000e+02,2.950000000000000000e+02,1.348559705359536000e+15,6.937440000000000447e-04
2.950000000000000000e+02,2.960000000000000000e+02,1.348559705446254000e+15,6.937440000000000447e-04
2.960000000000000000e+02,2.970000000000000000e+02,1.348559705532976000e+15,6.937760000000000064e-04
2.970000000000000000e+02,2.980000000000000000e+02,1.348559705619694000e+15,6.937440000000000447e-04
2.980000000000000000e+02,2.990000000000000000e+02,1.348559705706414000e+15,6.937599999999999713e-04
2.990000000000000000e+02,3.000000000000000000e+02,1.348559705793134000e+15,6.937599999999999713e-04
3.000000000000000000e+02,3.010000000000000000e+02,1.348559705879854000e+15,6.937599999999999713e-04
3.010000000000000000e+02,3.020000000000000000e+02,1.348559705966572000e+15,6.937440000000000447e-04
3.020000000000000000e+02,3.030000000000000000e+02,1.348559706053294000e+15,6.937760000000000064e-04
3.030000000000000000e+02,3.040000000000000000e+02,1.348559706140012000e+15,6.937440000000000447e-04
3.040000000000000000e+02,3.050000000000000000e+02,1.348559706226730000e+15,6.937440000000000447e-04
3.050000000000000000e+02,3.060000000000000000e+02,1.348559706313452000e+15,6.937760000000000064e-04
3.060000000000000000e+02,3.070000000000000000e+02,1.348559706400170000e+15,6.937440000000000447e-04
3.070000000000000000e+02,3.080000000000000000e+02,1.348559706486890000e+15,6.937599999999999713e-04
3.080000000000000000e+02,3.090000000000000000e+02,1.348559706573608000e+15,6.937440000000000447e-04
3.090000000000000000e+02,3.100000000000000000e+02,1.348559706660330000e+15,6.937760000000000064e-04
3.100000000000000000e+02,3.110000000000000000e+02,1.348559706747048000e+15,6.937440000000000447e-04
3.110000000000000000e+02,3.120000000000000000e+02,1.348559706833766000e+15,6.937440000000000447e-04
3.120000000000000000e+02,3.130000000000000000e+02,1.348559706920488000e+15,6.937760000000000064e-04
3.130000000000000000e+02,3.140000000000000000e+02,1.348559707007206000e+15,6.937440000000000447e-04
3.140000000000000000e+02,3.150000000000000000e+02,1.348559707093926000e+15,6.937599999999999713e-04
3.150000000000000000e+02,3.160000000000000000e+02,1.348559707180648000e+15,6.937760000000000064e-04
3.160000000000000000e+02,3.170000000000000000e+02,1.348559707270368000e+15,7.177600000000000126e-04
3.170000000000000000e+02,3.180000000000000000e+02,1.348559707357088000e+15,6.937599999999999713e-04
3.180000000000000000e+02,3.190000000000000000e+02,1.348559707443808000e+15,6.937599999999999713e-04
3.190000000000000000e+02,3.200000000000000000e+02,1.348559707530528000e+15,6.937599999999999713e-04
3.200000000000000000e+02,3.210000000000000000e+02,1.348559707617248000e+15,6.937599999999999713e-04
3.210000000000000000e+02,3.220000000000000000e+02,1.348559707703968000e+15,6.937599999999999713e-04
3.220000000000000000e+02,3.230000000000000000e+02,1.348559707790686000e+15,6.937440000000000447e-04
3.230000000000000000e+02,3.240000000000000000e+02,1.348559707877404000e+15,6.937440000000000447e-04
3.240000000000000000e+02,3.250000000000000000e+02,1.348559707964126000e+15,6.937760000000000064e-04
3.250000000000000000e+02,3.260000000000000000e+02,1.348559708050844000e+15,6.937440000000000447e-04
3.260000000000000000e+02,3.270000000000000000e+02,1.348559708137562000e+15,6.937440000000000447e-04
3.270000000000000000e+02,3.280000000000000000e+02,1.348559708224284000e+15,6.937760000000000064e-04
3.280000000000000000e+02,3.290000000000000000e+02,1.348559708311002000e+15,6.937440000000000447e-04
3.290000000000000000e+02,3.300000000000000000e+02,1.348559708397722000e+15,6.937599999999999713e-04
3.300000000000000000e+02,3.310000000000000000e+02,1.348559708484444000e+15,6.937760000000000064e-04
3.310000000000000000e+02,3.320000000000000000e+02,1.348559708571162000e+15,6.937440000000000447e-04
3.320000000000000000e+02,3.330000000000000000e+02,1.348559708657880000e+15,6.937440000000000447e-04
3.330000000000000000e+02,3.340000000000000000e+02,1.348559708744602000e+15,6.937760000000000064e-04
3.340000000000000000e+02,3.350000000000000000e+02,1.348559708831320000e+15,6.937440000000000447e-04
3.350000000000000000e+02,3.360000000000000000e+02,1.348559708918040000e+15,6.937599999999999713e-04
3.360000000000000000e+02,3.370000000000000000e+02,1.348559709004760000e+15,6.937599999999999713e-04
3.370000000000000000e+02,3.380000000000000000e+02,1.348559709091480000e+15,6.937599999999999713e-04
3.380000000000000000e+02,3.390000000000000000e+02,1.348559709178198000e+15,6.937440000000000447e-04
3.390000000000000000e+02,3.400000000000000000e+02,1.348559709264920000e+15,6.937760000000000064e-04
3.400000000000000000e+02,3.410000000000000000e+02,1.348559709354640000e+15,7.177600000000000126e-04
3.410000000000000000e+02,3.420000000000000000e+02,1.348559709441360000e+15,6.937599999999999713e-04
3.420000000000000000e+02,3.430000000000000000e+02,1.348559709528082000e+15,6.937760000000000064e-04
3.430000000000000000e+02,3.440000000000000000e+02,1.348559709614800000e+15,6.937440000000000447e-04
3.440000000000000000e+02,3.450000000000000000e+02,1.348559709701518000e+15,6.937440000000000447e-04
3.450000000000000000e+02,3.460000000000000000e+02,1.348559709788240000e+15,6.937760000000000064e-04
3.460000000000000000e+02,3.470000000000000000e+02,1.348559709874958000e+15,6.937440000000000447e-04
3.470000000000000000e+02,3.480000000000000000e+02,1.348559709961676000e+15,6.937440000000000447e-04
3.480000000000000000e+02,3.490000000000000000e+02,1.348559710048398000e+15,6.937760000000000064e-04
3.490000000000000000e+02,3.500000000000000000e+02,1.348559710135116000e+15,6.937440000000000447e-04
3.500000000000000000e+02,3.510000000000000000e+02,1.348559710221836000e+15,6.937599999999999713e-04
3.510000000000000000e+02,3.520000000000000000e+02,1.348559710308556000e+15,6.937599999999999713e-04
3.520000000000000000e+02,3.530000000000000000e+02,1.348559710395276000e+15,6.937599999999999713e-04
3.530000000000000000e+02,3.540000000000000000e+02,1.348559710481994000e+15,6.937440000000000447e-04
3.540000000000000000e+02,3.550000000000000000e+02,1.348559710568716000e+15,6.937760000000000064e-04
3.550000000000000000e+02,3.560000000000000000e+02,1.348559710655434000e+15,6.937440000000000447e-04
3.560000000000000000e+02,3.570000000000000000e+02,1.348559710742154000e+15,6.937599999999999713e-04
3.570000000000000000e+02,3.580000000000000000e+02,1.348559710828874000e+15,6.937599999999999713e-04
3.580000000000000000e+02,3.590000000000000000e+02,1.348559710915594000e+15,6.937599999999999713e-04
3.590000000000000000e+02,3.600000000000000000e+02,1.348559711002312000e+15,6.937440000000000447e-04
3.600000000000000000e+02,3.610000000000000000e+02,1.348559711089034000e+15,6.937760000000000064e-04
3.610000000000000000e+02,3.620000000000000000e+02,1.348559711175752000e+15,6.937440000000000447e-04
3.620000000000000000e+02,3.630000000000000000e+02,1.348559711262470000e+15,6.937440000000000447e-04
3.630000000000000000e+02,3.640000000000000000e+02,1.348559711349192000e+15,6.937760000000000064e-04
3.640000000000000000e+02,3.650000000000000000e+02,1.348559711438916000e+15,7.177919999999999743e-04
3.650000000000000000e+02,3.660000000000000000e+02,1.348559711525634000e+15,6.937440000000000447e-04
3.660000000000000000e+02,3.670000000000000000e+02,1.348559711612356000e+15,6.937760000000000064e-04
3.670000000000000000e+02,3.680000000000000000e+02,1.348559711699076000e+15,6.937599999999999713e-04
3.680000000000000000e+02,3.690000000000000000e+02,1.348559711785794000e+15,6.937440000000000447e-04
3.690000000000000000e+02,3.700000000000000000e+02,1.348559711872516000e+15,6.937760000000000064e-04
3.700000000000000000e+02,3.710000000000000000e+02,1.348559711959234000e+15,6.937440000000000447e-04
3.710000000000000000e+02,3.720000000000000000e+02,1.348559712045952000e+15,6.937440000000000447e-04
3.720000000000000000e+02,3.730000000000000000e+02,1.348559712132674000e+15,6.937760000000000064e-04
3.730000000000000000e+02,3.740000000000000000e+02,1.348559712219392000e+15,6.937440000000000447e-04
3.740000000000000000e+02,3.750000000000000000e+02,1.348559712306110000e+15,6.937440000000000447e-04
3.750000000000000000e+02,3.760000000000000000e+02,1.348559712392832000e+15,6.937760000000000064e-04
3.760000000000000000e+02,3.770000000000000000e+02,1.348559712479550000e+15,6.937440000000000447e-04
3.770000000000000000e+02,3.780000000000000000e+02,1.348559712566270000e+15,6.937599999999999713e-04
3.780000000000000000e+02,3.790000000000000000e+02,1.348559712652990000e+15,6.937599999999999713e-04
3.790000000000000000e+02,3.800000000000000000e+02,1.348559712739710000e+15,6.937599999999999713e-04
3.800000000000000000e+02,3.810000000000000000e+02,1.348559712826428000e+15,6.937440000000000447e-04
3.810000000000000000e+02,3.820000000000000000e+02,1.348559712913150000e+15,6.937760000000000064e-04
3.820000000000000000e+02,3.830000000000000000e+02,1.348559712999868000e+15,6.937440000000000447e-04
3.830000000000000000e+02,3.840000000000000000e+02,1.348559713086588000e+15,6.937599999999999713e-04
3.840000000000000000e+02,3.850000000000000000e+02,1.348559713173308000e+15,6.937599999999999713e-04
3.850000000000000000e+02,3.860000000000000000e+02,1.348559713260028000e+15,6.937599999999999713e-04
3.860000000000000000e+02,3.870000000000000000e+02,1.348559713346746000e+15,6.937440000000000447e-04
3.870000000000000000e+02,3.880000000000000000e+02,1.348559713433464000e+15,6.937440000000000447e-04
3.880000000000000000e+02,3.890000000000000000e+02,1.348559713523188000e+15,7.177919999999999743e-04
3.890000000000000000e+02,3.900000000000000000e+02,1.348559713609908000e+15,6.937599999999999713e-04
3.900000000000000000e+02,3.910000000000000000e+02,1.348559713696628000e+15,6.937599999999999713e-04
3.910000000000000000e+02,3.920000000000000000e+02,1.348559713783348000e+15,6.937599999999999713e-04
3.920000000000000000e+02,3.930000000000000000e+02,1.348559713870066000e+15,6.937440000000000447e-04
3.930000000000000000e+02,3.940000000000000000e+02,1.348559713956788000e+15,6.937760000000000064e-04
3.940000000000000000e+02,3.950000000000000000e+02,1.348559714043506000e+15,6.937440000000000447e-04
3.950000000000000000e+02,3.960000000000000000e+02,1.348559714130226000e+15,6.937599999999999713e-04
3.960000000000000000e+02,3.970000000000000000e+02,1.348559714216944000e+15,6.937440000000000447e-04
3.970000000000000000e+02,3.980000000000000000e+02,1.348559714303666000e+15,6.937760000000000064e-04
3.980000000000000000e+02,3.990000000000000000e+02,1.348559714390384000e+15,6.937440000000000447e-04
3.990000000000000000e+02,4.000000000000000000e+02,1.348559714477102000e+15,6.937440000000000447e-04
4.000000000000000000e+02,4.010000000000000000e+02,1.348559714563824000e+15,6.937760000000000064e-04
4.010000000000000000e+02,4.020000000000000000e+02,1.348559714650542000e+15,6.937440000000000447e-04
4.020000000000000000e+02,4.030000000000000000e+02,1.348559714737260000e+15,6.937440000000000447e-04
4.030000000000000000e+02,4.040000000000000000e+02,1.348559714823982000e+15,6.937760000000000064e-04
4.040000000000000000e+02,4.050000000000000000e+02,1.348559714910700000e+15,6.937440000000000447e-04
4.050000000000000000e+02,4.060000000000000000e+02,1.348559714997420000e+15,6.937599999999999713e-04
4.060000000000000000e+02,4.070000000000000000e+02,1.348559715084140000e+15,6.937599999999999713e-04
4.070000000000000000e+02,4.080000000000000000e+02,1.348559715170860000e+15,6.937599999999999713e-04
4.080000000000000000e+02,4.090000000000000000e+02,1.348559715257578000e+15,6.937440000000000447e-04
4.090000000000000000e+02,4.100000000000000000e+02,1.348559715344300000e+15,6.937760000000000064e-04
4.100000000000000000e+02,4.110000000000000000e+02,1.348559715431018000e+15,6.937440000000000447e-04
4.110000000000000000e+02,4.120000000000000000e+02,1.348559715517736000e+15,6.937440000000000447e-04
4.120000000000000000e+02,4.130000000000000000e+02,1.348559715607462000e+15,7.178080000000000094e-04
4.130000000000000000e+02,4.140000000000000000e+02,1.348559715694180000e+15,6.937440000000000447e-04
4.140000000000000000e+02,4.150000000000000000e+02,1.348559715780898000e+15,6.937440000000000447e-04
4.150000000000000000e+02,4.160000000000000000e+02,1.348559715867620000e+15,6.937760000000000064e-04
4.160000000000000000e+02,4.170000000000000000e+02,1.348559715954338000e+15,6.937440000000000447e-04
4.170000000000000000e+02,4.180000000000000000e+02,1.348559716041056000e+15,6.937440000000000447e-04
4.180000000000000000e+02,4.190000000000000000e+02,1.348559716127780000e+15,6.937920000000000415e-04
4.190000000000000000e+02,4.200000000000000000e+02,1.348559716214496000e+15,6.937280000000000096e-04
4.200000000000000000e+02,4.210000000000000000e+02,1.348559716301216000e+15,6.937599999999999713e-04
4.210000000000000000e+02,4.220000000000000000e+02,1.348559716387936000e+15,6.937599999999999713e-04
4.220000000000000000e+02,4.230000000000000000e+02,1.348559716474656000e+15,6.937599999999999713e-04
4.230000000000000000e+02,4.240000000000000000e+02,1.348559716561374000e+15,6.937440000000000447e-04
4.240000000000000000e+02,4.250000000000000000e+02,1.348559716648096000e+15,6.937760000000000064e-04
4.250000000000000000e+02,4.260000000000000000e+02,1.348559716734814000e+15,6.937440000000000447e-04
4.260000000000000000e+02,4.270000000000000000e+02,1.348559716821534000e+15,6.937599999999999713e-04
4.270000000000000000e+02,4.280000000000000000e+02,1.348559716908254000e+15,6.937599999999999713e-04
4.280000000000000000e+02,4.290000000000000000e+02,1.348559716994974000e+15,6.937599999999999713e-04
4.290000000000000000e+02,4.300000000000000000e+02,1.348559717081692000e+15,6.937440000000000447e-04
4.300000000000000000e+02,4.310000000000000000e+02,1.348559717168414000e+15,6.937760000000000064e-04
4.310000000000000000e+02,4.320000000000000000e+02,1.348559717255132000e+15,6.937440000000000447e-04
4.320000000000000000e+02,4.330000000000000000e+02,1.348559717341850000e+15,6.937440000000000447e-04
4.330000000000000000e+02,4.340000000000000000e+02,1.348559717428572000e+15,6.937760000000000064e-04
4.340000000000000000e+02,4.350000000000000000e+02,1.348559717515290000e+15,6.937440000000000447e-04
4.350000000000000000e+02,4.360000000000000000e+02,1.348559717602010000e+15,6.937599999999999713e-04
4.360000000000000000e+02,4.370000000000000000e+02,1.348559717691734000e+15,7.177919999999999743e-04
4.370000000000000000e+02,4.380000000000000000e+02,1.348559717778452000e+15,6.937440000000000447e-04
4.380000000000000000e+02,4.390000000000000000e+02,1.348559717865170000e+15,6.937440000000000447e-04
4.390000000000000000e+02,4.400000000000000000e+02,1.348559717951892000e+15,6.937760000000000064e-04
4.400000000000000000e+02,4.410000000000000000e+02,1.348559718038610000e+15,6.937440000000000447e-04
4.410000000000000000e+02,4.420000000000000000e+02,1.348559718125330000e+15,6.937599999999999713e-04
4.420000000000000000e+02,4.430000000000000000e+02,1.348559718212050000e+15,6.937599999999999713e-04
4.430000000000000000e+02,4.440000000000000000e+02,1.348559718298770000e+15,6.937599999999999713e-04
4.440000000000000000e+02,4.450000000000000000e+02,1.348559718385488000e+15,6.937440000000000447e-04
4.450000000000000000e+02,4.460000000000000000e+02,1.348559718472210000e+15,6.937760000000000064e-04
4.460000000000000000e+02,4.470000000000000000e+02,1.348559718558928000e+15,6.937440000000000447e-04
4.470000000000000000e+02,4.480000000000000000e+02,1.348559718645648000e+15,6.937599999999999713e-04
4.480000000000000000e+02,4.490000000000000000e+02,1.348559718732366000e+15,6.937440000000000447e-04
4.490000000000000000e+02,4.500000000000000000e+02,1.348559718819088000e+15,6.937760000000000064e-04
4.500000000000000000e+02,4.510000000000000000e+02,1.348559718905806000e+15,6.937440000000000447e-04
4.510000000000000000e+02,4.520000000000000000e+02,1.348559718992528000e+15,6.937760000000000064e-04
4.520000000000000000e+02,4.530000000000000000e+02,1.348559719079246000e+15,6.937440000000000447e-04
4.530000000000000000e+02,4.540000000000000000e+02,1.348559719165964000e+15,6.937440000000000447e-04
4.540000000000000000e+02,4.550000000000000000e+02,1.348559719252682000e+15,6.937440000000000447e-04
4.550000000000000000e+02,4.560000000000000000e+02,1.348559719339404000e+15,6.937760000000000064e-04
4.560000000000000000e+02,4.570000000000000000e+02,1.348559719426122000e+15,6.937440000000000447e-04
4.570000000000000000e+02,4.580000000000000000e+02,1.348559719512842000e+15,6.937599999999999713e-04
4.580000000000000000e+02,4.590000000000000000e+02,1.348559719599562000e+15,6.937599999999999713e-04
4.590000000000000000e+02,4.600000000000000000e+02,1.348559719686282000e+15,6.937599999999999713e-04
4.600000000000000000e+02,4.610000000000000000e+02,1.348559719776006000e+15,7.177919999999999743e-04
4.610000000000000000e+02,4.620000000000000000e+02,1.348559719862726000e+15,6.937599999999999713e-04
4.620000000000000000e+02,4.630000000000000000e+02,1.348559719949444000e+15,6.937440000000000447e-04
4.630000000000000000e+02,4.640000000000000000e+02,1.348559720036162000e+15,6.937440000000000447e-04
4.640000000000000000e+02,4.650000000000000000e+02,1.348559720122884000e+15,6.937760000000000064e-04
4.650000000000000000e+02,4.660000000000000000e+02,1.348559720209602000e+15,6.937440000000000447e-04
4.660000000000000000e+02,4.670000000000000000e+02,1.348559720296320000e+15,6.937440000000000447e-04
4.670000000000000000e+02,4.680000000000000000e+02,1.348559720383042000e+15,6.937760000000000064e-04
4.680000000000000000e+02,4.690000000000000000e+02,1.348559720469760000e+15,6.937440000000000447e-04
4.690000000000000000e+02,4.700000000000000000e+02,1.348559720556480000e+15,6.937599999999999713e-04
4.700000000000000000e+02,4.710000000000000000e+02,1.348559720643200000e+15,6.937599999999999713e-04
4.710000000000000000e+02,4.720000000000000000e+02,1.348559720729920000e+15,6.937599999999999713e-04
4.720000000000000000e+02,4.730000000000000000e+02,1.348559720816638000e+15,6.937440000000000447e-04
4.730000000000000000e+02,4.740000000000000000e+02,1.348559720903360000e+15,6.937760000000000064e-04
4.740000000000000000e+02,4.750000000000000000e+02,1.348559720990078000e+15,6.937440000000000447e-04
4.750000000000000000e+02,4.760000000000000000e+02,1.348559721076796000e+15,6.937440000000000447e-04
4.760000000000000000e+02,4.770000000000000000e+02,1.348559721163518000e+15,6.937760000000000064e-04
4.770000000000000000e+02,4.780000000000000000e+02,1.348559721250236000e+15,6.937440000000000447e-04
4.780000000000000000e+02,4.790000000000000000e+02,1.348559721336956000e+15,6.937599999999999713e-04
4.790000000000000000e+02,4.800000000000000000e+02,1.348559721423676000e+15,6.937599999999999713e-04
4.800000000000000000e+02,4.810000000000000000e+02,1.348559721510396000e+15,6.937599999999999713e-04
4.810000000000000000e+02,4.820000000000000000e+02,1.348559721597114000e+15,6.937440000000000447e-04
4.820000000000000000e+02,4.830000000000000000e+02,1.348559721683836000e+15,6.937760000000000064e-04
4.830000000000000000e+02,4.840000000000000000e+02,1.348559721770554000e+15,6.937440000000000447e-04
4.840000000000000000e+02,4.850000000000000000e+02,1.348559721860280000e+15,7.178080000000000094e-04
4.850000000000000000e+02,4.860000000000000000e+02,1.348559721946996000e+15,6.937280000000000096e-04
4.860000000000000000e+02,4.870000000000000000e+02,1.348559722033716000e+15,6.937599999999999713e-04
4.870000000000000000e+02,4.880000000000000000e+02,1.348559722120434000e+15,6.937440000000000447e-04
4.880000000000000000e+02,4.890000000000000000e+02,1.348559722207156000e+15,6.937760000000000064e-04
4.890000000000000000e+02,4.900000000000000000e+02,1.348559722293874000e+15,6.937440000000000447e-04
4.900000000000000000e+02,4.910000000000000000e+02,1.348559722380594000e+15,6.937599999999999713e-04
4.910000000000000000e+02,4.920000000000000000e+02,1.348559722467314000e+15,6.937599999999999713e-04
4.920000000000000000e+02,4.930000000000000000e+02,1.348559722554034000e+15,6.937599999999999713e-04
4.930000000000000000e+02,4.940000000000000000e+02,1.348559722640752000e+15,6.937440000000000447e-04
4.940000000000000000e+02,4.950000000000000000e+02,1.348559722727474000e+15,6.937760000000000064e-04
4.950000000000000000e+02,4.960000000000000000e+02,1.348559722814192000e+15,6.937440000000000447e-04
4.960000000000000000e+02,4.970000000000000000e+02,1.348559722900910000e+15,6.937440000000000447e-04
4.970000000000000000e+02,4.980000000000000000e+02,1.348559722987632000e+15,6.937760000000000064e-04
4.980000000000000000e+02,4.990000000000000000e+02,1.348559723074350000e+15,6.937440000000000447e-04
4.990000000000000000e+02,5.000000000000000000e+02,1.348559723161068000e+15,6.937440000000000447e-04
5.000000000000000000e+02,5.010000000000000000e+02,1.348559723247790000e+15,6.937760000000000064e-04
5.010000000000000000e+02,5.020000000000000000e+02,1.348559723334510000e+15,6.937599999999999713e-04
5.020000000000000000e+02,5.030000000000000000e+02,1.348559723421228000e+15,6.937440000000000447e-04
5.030000000000000000e+02,5.040000000000000000e+02,1.348559723507950000e+15,6.937760000000000064e-04
5.040000000000000000e+02,5.050000000000000000e+02,1.348559723594668000e+15,6.937440000000000447e-04
5.050000000000000000e+02,5.060000000000000000e+02,1.348559723681386000e+15,6.937440000000000447e-04
5.060000000000000000e+02,5.070000000000000000e+02,1.348559723768106000e+15,6.937599999999999713e-04
5.070000000000000000e+02,5.080000000000000000e+02,1.348559723854826000e+15,6.937599999999999713e-04
5.080000000000000000e+02,5.090000000000000000e+02,1.348559723944548000e+15,7.177760000000000477e-04
5.090000000000000000e+02,5.100000000000000000e+02,1.348559724031270000e+15,6.937760000000000064e-04
5.100000000000000000e+02,5.110000000000000000e+02,1.348559724117988000e+15,6.937440000000000447e-04
5.110000000000000000e+02,5.120000000000000000e+02,1.348559724204706000e+15,6.937440000000000447e-04
5.120000000000000000e+02,5.130000000000000000e+02,1.348559724291428000e+15,6.937760000000000064e-04
5.130000000000000000e+02,5.140000000000000000e+02,1.348559724378148000e+15,6.937599999999999713e-04
5.140000000000000000e+02,5.150000000000000000e+02,1.348559724464866000e+15,6.937440000000000447e-04
5.150000000000000000e+02,5.160000000000000000e+02,1.348559724551584000e+15,6.937440000000000447e-04
5.160000000000000000e+02,5.170000000000000000e+02,1.348559724638306000e+15,6.937760000000000064e-04
5.170000000000000000e+02,5.180000000000000000e+02,1.348559724725024000e+15,6.937440000000000447e-04
5.180000000000000000e+02,5.190000000000000000e+02,1.348559724811746000e+15,6.937760000000000064e-04
5.190000000000000000e+02,5.200000000000000000e+02,1.348559724898464000e+15,6.937440000000000447e-04
5.200000000000000000e+02,5.210000000000000000e+02,1.348559724985182000e+15,6.937440000000000447e-04
5.210000000000000000e+02,5.220000000000000000e+02,1.348559725071902000e+15,6.937599999999999713e-04
5.220000000000000000e+02,5.230000000000000000e+02,1.348559725158622000e+15,6.937599999999999713e-04
5.230000000000000000e+02,5.240000000000000000e+02,1.348559725245342000e+15,6.937599999999999713e-04
5.240000000000000000e+02,5.250000000000000000e+02,1.348559725332060000e+15,6.937440000000000447e-04
5.250000000000000000e+02,5.260000000000000000e+02,1.348559725418782000e+15,6.937760000000000064e-04
5.260000000000000000e+02,5.270000000000000000e+02,1.348559725505500000e+15,6.937440000000000447e-04
5.270000000000000000e+02,5.280000000000000000e+02,1.348559725592220000e+15,6.937599999999999713e-04
5.280000000000000000e+02,5.290000000000000000e+02,1.348559725678940000e+15,6.937599999999999713e-04
5.290000000000000000e+02,5.300000000000000000e+02,1.348559725765660000e+15,6.937599999999999713e-04
5.300000000000000000e+02,5.310000000000000000e+02,1.348559725852378000e+15,6.937440000000000447e-04
5.310000000000000000e+02,5.320000000000000000e+02,1.348559725939100000e+15,6.937760000000000064e-04
5.320000000000000000e+02,5.330000000000000000e+02,1.348559726028820000e+15,7.177600000000000126e-04
5.330000000000000000e+02,5.340000000000000000e+02,1.348559726115540000e+15,6.937599999999999713e-04
5.340000000000000000e+02,5.350000000000000000e+02,1.348559726202260000e+15,6.937599999999999713e-04
5.350000000000000000e+02,5.360000000000000000e+02,1.348559726288980000e+15,6.937599999999999713e-04
5.360000000000000000e+02,5.370000000000000000e+02,1.348559726375698000e+15,6.937440000000000447e-04
5.370000000000000000e+02,5.380000000000000000e+02,1.348559726462420000e+15,6.937760000000000064e-04
5.380000000000000000e+02,5.390000000000000000e+02,1.348559726549138000e+15,6.937440000000000447e-04
5.390000000000000000e+02,5.400000000000000000e+02,1.348559726635856000e+15,6.937440000000000447e-04
5.400000000000000000e+02,5.410000000000000000e+02,1.348559726722578000e+15,6.937760000000000064e-04
5.410000000000000000e+02,5.420000000000000000e+02,1.348559726809296000e+15,6.937440000000000447e-04
5.420000000000000000e+02,5.430000000000000000e+02,1.348559726896016000e+15,6.937599999999999713e-04
5.430000000000000000e+02,5.440000000000000000e+02,1.348559726982736000e+15,6.937599999999999713e-04
5.440000000000000000e+02,5.450000000000000000e+02,1.348559727069456000e+15,6.937599999999999713e-04
5.450000000000000000e+02,5.460000000000000000e+02,1.348559727156174000e+15,6.937440000000000447e-04
5.460000000000000000e+02,5.470000000000000000e+02,1.348559727242896000e+15,6.937760000000000064e-04
5.470000000000000000e+02,5.480000000000000000e+02,1.348559727329614000e+15,6.937440000000000447e-04
5.480000000000000000e+02,5.490000000000000000e+02,1.348559727416332000e+15,6.937440000000000447e-04
5.490000000000000000e+02,5.500000000000000000e+02,1.348559727503054000e+15,6.937760000000000064e-04
5.500000000000000000e+02,5.510000000000000000e+02,1.348559727589772000e+15,6.937440000000000447e-04
5.510000000000000000e+02,5.520000000000000000e+02,1.348559727676490000e+15,6.937440000000000447e-04
5.520000000000000000e+02,5.530000000000000000e+02,1.348559727763214000e+15,6.937920000000000415e-04
5.530000000000000000e+02,5.540000000000000000e+02,1.348559727849930000e+15,6.937280000000000096e-04
5.540000000000000000e+02,5.550000000000000000e+02,1.348559727936650000e+15,6.937599999999999713e-04
5.550000000000000000e+02,5.560000000000000000e+02,1.348559728023372000e+15,6.937760000000000064e-04
5.560000000000000000e+02,5.570000000000000000e+02,1.348559728113094000e+15,7.177760000000000477e-04
5.570000000000000000e+02,5.580000000000000000e+02,1.348559728199812000e+15,6.937440000000000447e-04
5.580000000000000000e+02,5.590000000000000000e+02,1.348559728286534000e+15,6.937760000000000064e-04
5.590000000000000000e+02,5.600000000000000000e+02,1.348559728373252000e+15,6.937440000000000447e-04
5.600000000000000000e+02,5.610000000000000000e+02,1.348559728459970000e+15,6.937440000000000447e-04
5.610000000000000000e+02,5.620000000000000000e+02,1.348559728546692000e+15,6.937760000000000064e-04
5.620000000000000000e+02,5.630000000000000000e+02,1.348559728633410000e+15,6.937440000000000447e-04
5.630000000000000000e+02,5.640000000000000000e+02,1.348559728720128000e+15,6.937440000000000447e-04
5.640000000000000000e+02,5.650000000000000000e+02,1.348559728806850000e+15,6.937760000000000064e-04
5.650000000000000000e+02,5.660000000000000000e+02,1.348559728893568000e+15,6.937440000000000447e-04
5.660000000000000000e+02,5.670000000000000000e+02,1.348559728980288000e+15,6.937599999999999713e-04
5.670000000000000000e+02,5.680000000000000000e+02,1.348559729067010000e+15,6.937760000000000064e-04
5.680000000000000000e+02,5.690000000000000000e+02,1.348559729153728000e+15,6.937440000000000447e-04
5.690000000000000000e+02,5.700000000000000000e+02,1.348559729240446000e+15,6.937440000000000447e-04
5.700000000000000000e+02,5.710000000000000000e+02,1.348559729327166000e+15,6.937599999999999713e-04
5.710000000000000000e+02,5.720000000000000000e+02,1.348559729413886000e+15,6.937599999999999713e-04
5.720000000000000000e+02,5.730000000000000000e+02,1.348559729500606000e+15,6.937599999999999713e-04
5.730000000000000000e+02,5.740000000000000000e+02,1.348559729587326000e+15,6.937599999999999713e-04
5.740000000000000000e+02,5.750000000000000000e+02,1.348559729674046000e+15,6.937599999999999713e-04
5.750000000000000000e+02,5.760000000000000000e+02,1.348559729760764000e+15,6.937440000000000447e-04
5.760000000000000000e+02,5.770000000000000000e+02,1.348559729847482000e+15,6.937440000000000447e-04
5.770000000000000000e+02,5.780000000000000000e+02,1.348559729934204000e+15,6.937760000000000064e-04
5.780000000000000000e+02,5.790000000000000000e+02,1.348559730020922000e+15,6.937440000000000447e-04
5.790000000000000000e+02,5.800000000000000000e+02,1.348559730107640000e+15,6.937440000000000447e-04
5.800000000000000000e+02,5.810000000000000000e+02,1.348559730197368000e+15,7.178240000000000445e-04
5.810000000000000000e+02,5.820000000000000000e+02,1.348559730284088000e+15,6.937599999999999713e-04
5.820000000000000000e+02,5.830000000000000000e+02,1.348559730370808000e+15,6.937599999999999713e-04
5.830000000000000000e+02,5.840000000000000000e+02,1.348559730457528000e+15,6.937599999999999713e-04
5.840000000000000000e+02,5.850000000000000000e+02,1.348559730544246000e+15,6.937440000000000447e-04
5.850000000000000000e+02,5.860000000000000000e+02,1.348559730630968000e+15,6.937760000000000064e-04
5.860000000000000000e+02,5.870000000000000000e+02,1.348559730717686000e+15,6.937440000000000447e-04
5.870000000000000000e+02,5.880000000000000000e+02,1.348559730804404000e+15,6.937440000000000447e-04
5.880000000000000000e+02,5.890000000000000000e+02,1.348559730891126000e+15,6.937760000000000064e-04
5.890000000000000000e+02,5.900000000000000000e+02,1.348559730977844000e+15,6.937440000000000447e-04
5.900000000000000000e+02,5.910000000000000000e+02,1.348559731064562000e+15,6.937440000000000447e-04
5.910000000000000000e+02,5.920000000000000000e+02,1.348559731151284000e+15,6.937760000000000064e-04
5.920000000000000000e+02,5.930000000000000000e+02,1.348559731238002000e+15,6.937440000000000447e-04
5.930000000000000000e+02,5.940000000000000000e+02,1.348559731324722000e+15,6.937599999999999713e-04
5.940000000000000000e+02,5.950000000000000000e+02,1.348559731411444000e+15,6.937760000000000064e-04
5.950000000000000000e+02,5.960000000000000000e+02,1.348559731498162000e+15,6.937440000000000447e-04
5.960000000000000000e+02,5.970000000000000000e+02,1.348559731584880000e+15,6.937440000000000447e-04
5.970000000000000000e+02,5.980000000000000000e+02,1.348559731671600000e+15,6.937599999999999713e-04
5.980000000000000000e+02,5.990000000000000000e+02,1.348559731758320000e+15,6.937599999999999713e-04
5.990000000000000000e+02,6.000000000000000000e+02,1.348559731845040000e+15,6.937599999999999713e-04
6.000000000000000000e+02,6.010000000000000000e+02,1.348559731931758000e+15,6.937440000000000447e-04
6.010000000000000000e+02,6.020000000000000000e+02,1.348559732018480000e+15,6.937760000000000064e-04
6.020000000000000000e+02,6.030000000000000000e+02,1.348559732105198000e+15,6.937440000000000447e-04
6.030000000000000000e+02,6.040000000000000000e+02,1.348559732191916000e+15,6.937440000000000447e-04
6.040000000000000000e+02,6.050000000000000000e+02,1.348559732281640000e+15,7.177919999999999743e-04
6.050000000000000000e+02,6.060000000000000000e+02,1.348559732368360000e+15,6.937599999999999713e-04
6.060000000000000000e+02,6.070000000000000000e+02,1.348559732455078000e+15,6.937440000000000447e-04
6.070000000000000000e+02,6.080000000000000000e+02,1.348559732541800000e+15,6.937760000000000064e-04
6.080000000000000000e+02,6.090000000000000000e+02,1.348559732628518000e+15,6.937440000000000447e-04
6.090000000000000000e+02,6.100000000000000000e+02,1.348559732715236000e+15,6.937440000000000447e-04
6.100000000000000000e+02,6.110000000000000000e+02,1.348559732801958000e+15,6.937760000000000064e-04
6.110000000000000000e+02,6.120000000000000000e+02,1.348559732888676000e+15,6.937440000000000447e-04
6.120000000000000000e+02,6.130000000000000000e+02,1.348559732975396000e+15,6.937599999999999713e-04
6.130000000000000000e+02,6.140000000000000000e+02,1.348559733062116000e+15,6.937599999999999713e-04
6.140000000000000000e+02,6.150000000000000000e+02,1.348559733148836000e+15,6.937599999999999713e-04
6.150000000000000000e+02,6.160000000000000000e+02,1.348559733235554000e+15,6.937440000000000447e-04
6.160000000000000000e+02,6.170000000000000000e+02,1.348559733322276000e+15,6.937760000000000064e-04
6.170000000000000000e+02,6.180000000000000000e+02,1.348559733408994000e+15,6.937440000000000447e-04
6.180000000000000000e+02,6.190000000000000000e+02,1.348559733495714000e+15,6.937599999999999713e-04
6.190000000000000000e+02,6.200000000000000000e+02,1.348559733582434000e+15,6.937599999999999713e-04
6.200000000000000000e+02,6.210000000000000000e+02,1.348559733669154000e+15,6.937599999999999713e-04
6.210000000000000000e+02,6.220000000000000000e+02,1.348559733755872000e+15,6.937440000000000447e-04
6.220000000000000000e+02,6.230000000000000000e+02,1.348559733842594000e+15,6.937760000000000064e-04
6.230000000000000000e+02,6.240000000000000000e+02,1.348559733929312000e+15,6.937440000000000447e-04
6.240000000000000000e+02,6.250000000000000000e+02,1.348559734016030000e+15,6.937440000000000447e-04
6.250000000000000000e+02,6.260000000000000000e+02,1.348559734102752000e+15,6.937760000000000064e-04
6.260000000000000000e+02,6.270000000000000000e+02,1.348559734189470000e+15,6.937440000000000447e-04
6.270000000000000000e+02,6.280000000000000000e+02,1.348559734276188000e+15,6.937440000000000447e-04
6.280000000000000000e+02,6.290000000000000000e+02,1.348559734365914000e+15,7.178080000000000094e-04
6.290000000000000000e+02,6.300000000000000000e+02,1.348559734452632000e+15,6.937440000000000447e-04
6.300000000000000000e+02,6.310000000000000000e+02,1.348559734539350000e+15,6.937440000000000447e-04
6.310000000000000000e+02,6.320000000000000000e+02,1.348559734626072000e+15,6.937760000000000064e-04
6.320000000000000000e+02,6.330000000000000000e+02,1.348559734712790000e+15,6.937440000000000447e-04
6.330000000000000000e+02,6.340000000000000000e+02,1.348559734799510000e+15,6.937599999999999713e-04
6.340000000000000000e+02,6.350000000000000000e+02,1.348559734886230000e+15,6.937599999999999713e-04
6.350000000000000000e+02,6.360000000000000000e+02,1.348559734972950000e+15,6.937599999999999713e-04
6.360000000000000000e+02,6.370000000000000000e+02,1.348559735059668000e+15,6.937440000000000447e-04
6.370000000000000000e+02,6.380000000000000000e+02,1.348559735146390000e+15,6.937760000000000064e-04
6.380000000000000000e+02,6.390000000000000000e+02,1.348559735233108000e+15,6.937440000000000447e-04
6.390000000000000000e+02,6.400000000000000000e+02,1.348559735319826000e+15,6.937440000000000447e-04
6.400000000000000000e+02,6.410000000000000000e+02,1.348559735406548000e+15,6.937760000000000064e-04
6.410000000000000000e+02,6.420000000000000000e+02,1.348559735493266000e+15,6.937440000000000447e-04
6.420000000000000000e+02,6.430000000000000000e+02,1.348559735579986000e+15,6.937599999999999713e-04
6.430000000000000000e+02,6.440000000000000000e+02,1.348559735666706000e+15,6.937599999999999713e-04
6.440000000000000000e+02,6.450000000000000000e+02,1.348559735753426000e+15,6.937599999999999713e-04
6.450000000000000000e+02,6.460000000000000000e+02,1.348559735840144000e+15,6.937440000000000447e-04
6.460000000000000000e+02,6.470000000000000000e+02,1.348559735926866000e+15,6.937760000000000064e-04
6.470000000000000000e+02,6.480000000000000000e+02,1.348559736013584000e+15,6.937440000000000447e-04
6.480000000000000000e+02,6.490000000000000000e+02,1.348559736100302000e+15,6.937440000000000447e-04
6.490000000000000000e+02,6.500000000000000000e+02,1.348559736187022000e+15,6.937599999999999713e-04
6.500000000000000000e+02,6.510000000000000000e+02,1.348559736273742000e+15,6.937599999999999713e-04
6.510000000000000000e+02,6.520000000000000000e+02,1.348559736360462000e+15,6.937599999999999713e-04
6.520000000000000000e+02,6.530000000000000000e+02,1.348559736450186000e+15,7.177919999999999743e-04
6.530000000000000000e+02,6.540000000000000000e+02,1.348559736536904000e+15,6.937440000000000447e-04
6.540000000000000000e+02,6.550000000000000000e+02,1.348559736623622000e+15,6.937440000000000447e-04
6.550000000000000000e+02,6.560000000000000000e+02,1.348559736710344000e+15,6.937760000000000064e-04
6.560000000000000000e+02,6.570000000000000000e+02,1.348559736797062000e+15,6.937440000000000447e-04
6.570000000000000000e+02,6.580000000000000000e+02,1.348559736883782000e+15,6.937599999999999713e-04
6.580000000000000000e+02,6.590000000000000000e+02,1.348559736970502000e+15,6.937599999999999713e-04
6.590000000000000000e+02,6.600000000000000000e+02,1.348559737057222000e+15,6.937599999999999713e-04
6.600000000000000000e+02,6.610000000000000000e+02,1.348559737143940000e+15,6.937440000000000447e-04
6.610000000000000000e+02,6.620000000000000000e+02,1.348559737230660000e+15,6.937599999999999713e-04
6.620000000000000000e+02,6.630000000000000000e+02,1.348559737317380000e+15,6.937599999999999713e-04
6.630000000000000000e+02,6.640000000000000000e+02,1.348559737404100000e+15,6.937599999999999713e-04
6.640000000000000000e+02,6.650000000000000000e+02,1.348559737490818000e+15,6.937440000000000447e-04
6.650000000000000000e+02,6.660000000000000000e+02,1.348559737577540000e+15,6.937760000000000064e-04
6.660000000000000000e+02,6.670000000000000000e+02,1.348559737664258000e+15,6.937440000000000447e-04
6.670000000000000000e+02,6.680000000000000000e+02,1.348559737750976000e+15,6.937440000000000447e-04
6.680000000000000000e+02,6.690000000000000000e+02,1.348559737837698000e+15,6.937760000000000064e-04
6.690000000000000000e+02,6.700000000000000000e+02,1.348559737924416000e+15,6.937440000000000447e-04
6.700000000000000000e+02,6.710000000000000000e+02,1.348559738011134000e+15,6.937440000000000447e-04
6.710000000000000000e+02,6.720000000000000000e+02,1.348559738097856000e+15,6.937760000000000064e-04
6.720000000000000000e+02,6.730000000000000000e+02,1.348559738184574000e+15,6.937440000000000447e-04
6.730000000000000000e+02,6.740000000000000000e+02,1.348559738271294000e+15,6.937599999999999713e-04
6.740000000000000000e+02,6.750000000000000000e+02,1.348559738358016000e+15,6.937760000000000064e-04
6.750000000000000000e+02,6.760000000000000000e+02,1.348559738444734000e+15,6.937440000000000447e-04
6.760000000000000000e+02,6.770000000000000000e+02,1.348559738534458000e+15,7.177919999999999743e-04
6.770000000000000000e+02,6.780000000000000000e+02,1.348559738621176000e+15,6.937440000000000447e-04
6.780000000000000000e+02,6.790000000000000000e+02,1.348559738707896000e+15,6.937599999999999713e-04
6.790000000000000000e+02,6.800000000000000000e+02,1.348559738794614000e+15,6.937440000000000447e-04
6.800000000000000000e+02,6.810000000000000000e+02,1.348559738881336000e+15,6.937760000000000064e-04
6.810000000000000000e+02,6.820000000000000000e+02,1.348559738968054000e+15,6.937440000000000447e-04
6.820000000000000000e+02,6.830000000000000000e+02,1.348559739054772000e+15,6.937440000000000447e-04
6.830000000000000000e+02,6.840000000000000000e+02,1.348559739141494000e+15,6.937760000000000064e-04
6.840000000000000000e+02,6.850000000000000000e+02,1.348559739228214000e+15,6.937599999999999713e-04
6.850000000000000000e+02,6.860000000000000000e+02,1.348559739314932000e+15,6.937440000000000447e-04
6.860000000000000000e+02,6.870000000000000000e+02,1.348559739401654000e+15,6.937760000000000064e-04
6.870000000000000000e+02,6.880000000000000000e+02,1.348559739488372000e+15,6.937440000000000447e-04
6.880000000000000000e+02,6.890000000000000000e+02,1.348559739575090000e+15,6.937440000000000447e-04
6.890000000000000000e+02,6.900000000000000000e+02,1.348559739661812000e+15,6.937760000000000064e-04
6.900000000000000000e+02,6.910000000000000000e+02,1.348559739748530000e+15,6.937440000000000447e-04
6.910000000000000000e+02,6.920000000000000000e+02,1.348559739835248000e+15,6.937440000000000447e-04
6.920000000000000000e+02,6.930000000000000000e+02,1.348559739921970000e+15,6.937760000000000064e-04
6.930000000000000000e+02,6.940000000000000000e+02,1.348559740008688000e+15,6.937440000000000447e-04
6.940000000000000000e+02,6.950000000000000000e+02,1.348559740095408000e+15,6.937599999999999713e-04
6.950000000000000000e+02,6.960000000000000000e+02,1.348559740182128000e+15,6.937599999999999713e-04
6.960000000000000000e+02,6.970000000000000000e+02,1.348559740268848000e+15,6.937599999999999713e-04
6.970000000000000000e+02,6.980000000000000000e+02,1.348559740355566000e+15,6.937440000000000447e-04
6.980000000000000000e+02,6.990000000000000000e+02,1.348559740442288000e+15,6.937760000000000064e-04
6.990000000000000000e+02,7.000000000000000000e+02,1.348559740529006000e+15,6.937440000000000447e-04
7.000000000000000000e+02,7.010000000000000000e+02,1.348559740618728000e+15,7.177760000000000477e-04
7.010000000000000000e+02,7.020000000000000000e+02,1.348559740705450000e+15,6.937760000000000064e-04
7.020000000000000000e+02,7.030000000000000000e+02,1.348559740792168000e+15,6.937440000000000447e-04
7.030000000000000000e+02,7.040000000000000000e+02,1.348559740878886000e+15,6.937440000000000447e-04
7.040000000000000000e+02,7.050000000000000000e+02,1.348559740965608000e+15,6.937760000000000064e-04
7.050000000000000000e+02,7.060000000000000000e+02,1.348559741052326000e+15,6.937440000000000447e-04
7.060000000000000000e+02,7.070000000000000000e+02,1.348559741139046000e+15,6.937599999999999713e-04
7.070000000000000000e+02,7.080000000000000000e+02,1.348559741225766000e+15,6.937599999999999713e-04
7.080000000000000000e+02,7.090000000000000000e+02,1.348559741312486000e+15,6.937599999999999713e-04
7.090000000000000000e+02,7.100000000000000000e+02,1.348559741399204000e+15,6.937440000000000447e-04
7.100000000000000000e+02,7.110000000000000000e+02,1.348559741485926000e+15,6.937760000000000064e-04
7.110000000000000000e+02,7.120000000000000000e+02,1.348559741572644000e+15,6.937440000000000447e-04
7.120000000000000000e+02,7.130000000000000000e+02,1.348559741659362000e+15,6.937440000000000447e-04
7.130000000000000000e+02,7.140000000000000000e+02,1.348559741746082000e+15,6.937599999999999713e-04
7.140000000000000000e+02,7.150000000000000000e+02,1.348559741832802000e+15,6.937599999999999713e-04
7.150000000000000000e+02,7.160000000000000000e+02,1.348559741919522000e+15,6.937599999999999713e-04
7.160000000000000000e+02,7.170000000000000000e+02,1.348559742006242000e+15,6.937599999999999713e-04
7.170000000000000000e+02,7.180000000000000000e+02,1.348559742092962000e+15,6.937599999999999713e-04
7.180000000000000000e+02,7.190000000000000000e+02,1.348559742179680000e+15,6.937440000000000447e-04
7.190000000000000000e+02,7.200000000000000000e+02,1.348559742266398000e+15,6.937440000000000447e-04
7.200000000000000000e+02,7.210000000000000000e+02,1.348559742353120000e+15,6.937760000000000064e-04
7.210000000000000000e+02,7.220000000000000000e+02,1.348559742439838000e+15,6.937440000000000447e-04
7.220000000000000000e+02,7.230000000000000000e+02,1.348559742526556000e+15,6.937440000000000447e-04
7.230000000000000000e+02,7.240000000000000000e+02,1.348559742613278000e+15,6.937760000000000064e-04
7.240000000000000000e+02,7.250000000000000000e+02,1.348559742703000000e+15,7.177760000000000477e-04
7.250000000000000000e+02,7.260000000000000000e+02,1.348559742789722000e+15,6.937760000000000064e-04
7.260000000000000000e+02,7.270000000000000000e+02,1.348559742876440000e+15,6.937440000000000447e-04
7.270000000000000000e+02,7.280000000000000000e+02,1.348559742963160000e+15,6.937599999999999713e-04
7.280000000000000000e+02,7.290000000000000000e+02,1.348559743049878000e+15,6.937440000000000447e-04
7.290000000000000000e+02,7.300000000000000000e+02,1.348559743136600000e+15,6.937760000000000064e-04
7.300000000000000000e+02,7.310000000000000000e+02,1.348559743223318000e+15,6.937440000000000447e-04
7.310000000000000000e+02,7.320000000000000000e+02,1.348559743310036000e+15,6.937440000000000447e-04
7.320000000000000000e+02,7.330000000000000000e+02,1.348559743396758000e+15,6.937760000000000064e-04
7.330000000000000000e+02,7.340000000000000000e+02,1.348559743483476000e+15,6.937440000000000447e-04
7.340000000000000000e+02,7.350000000000000000e+02,1.348559743570194000e+15,6.937440000000000447e-04
7.350000000000000000e+02,7.360000000000000000e+02,1.348559743656916000e+15,6.937760000000000064e-04
7.360000000000000000e+02,7.370000000000000000e+02,1.348559743743634000e+15,6.937440000000000447e-04
7.370000000000000000e+02,7.380000000000000000e+02,1.348559743830354000e+15,6.937599999999999713e-04
7.380000000000000000e+02,7.390000000000000000e+02,1.348559743917074000e+15,6.937599999999999713e-04
7.390000000000000000e+02,7.400000000000000000e+02,1.348559744003794000e+15,6.937599999999999713e-04
7.400000000000000000e+02,7.410000000000000000e+02,1.348559744090512000e+15,6.937440000000000447e-04
7.410000000000000000e+02,7.420000000000000000e+02,1.348559744177234000e+15,6.937760000000000064e-04
7.420000000000000000e+02,7.430000000000000000e+02,1.348559744263952000e+15,6.937440000000000447e-04
7.430000000000000000e+02,7.440000000000000000e+02,1.348559744350670000e+15,6.937440000000000447e-04
7.440000000000000000e+02,7.450000000000000000e+02,1.348559744437392000e+15,6.937760000000000064e-04
7.450000000000000000e+02,7.460000000000000000e+02,1.348559744524110000e+15,6.937440000000000447e-04
7.460000000000000000e+02,7.470000000000000000e+02,1.348559744610830000e+15,6.937599999999999713e-04
7.470000000000000000e+02,7.480000000000000000e+02,1.348559744697550000e+15,6.937599999999999713e-04
7.480000000000000000e+02,7.490000000000000000e+02,1.348559744787272000e+15,7.177760000000000477e-04
7.490000000000000000e+02,7.500000000000000000e+02,1.348559744873990000e+15,6.937440000000000447e-04
7.500000000000000000e+02,7.510000000000000000e+02,1.348559744960714000e+15,6.937920000000000415e-04
7.510000000000000000e+02,7.520000000000000000e+02,1.348559745047432000e+15,6.937440000000000447e-04
7.520000000000000000e+02,7.530000000000000000e+02,1.348559745134150000e+15,6.937440000000000447e-04
7.530000000000000000e+02,7.540000000000000000e+02,1.348559745220872000e+15,6.937760000000000064e-04
7.540000000000000000e+02,7.550000000000000000e+02,1.348559745307590000e+15,6.937440000000000447e-04
7.550000000000000000e+02,7.560000000000000000e+02,1.348559745394308000e+15,6.937440000000000447e-04
7.560000000000000000e+02,7.570000000000000000e+02,1.348559745481030000e+15,6.937760000000000064e-04
7.570000000000000000e+02,7.580000000000000000e+02,1.348559745567748000e+15,6.937440000000000447e-04
7.580000000000000000e+02,7.590000000000000000e+02,1.348559745654468000e+15,6.937599999999999713e-04
7.590000000000000000e+02,7.600000000000000000e+02,1.348559745741188000e+15,6.937599999999999713e-04
7.600000000000000000e+02,7.610000000000000000e+02,1.348559745827908000e+15,6.937599999999999713e-04
7.610000000000000000e+02,7.620000000000000000e+02,1.348559745914626000e+15,6.937440000000000447e-04
7.620000000000000000e+02,7.630000000000000000e+02,1.348559746001348000e+15,6.937760000000000064e-04
7.630000000000000000e+02,7.640000000000000000e+02,1.348559746088066000e+15,6.937440000000000447e-04
7.640000000000000000e+02,7.650000000000000000e+02,1.348559746174784000e+15,6.937440000000000447e-04
7.650000000000000000e+02,7.660000000000000000e+02,1.348559746261506000e+15,6.937760000000000064e-04
7.660000000000000000e+02,7.670000000000000000e+02,1.348559746348226000e+15,6.937599999999999713e-04
7.670000000000000000e+02,7.680000000000000000e+02,1.348559746434944000e+15,6.937440000000000447e-04
7.680000000000000000e+02,7.690000000000000000e+02,1.348559746521666000e+15,6.937760000000000064e-04
7.690000000000000000e+02,7.700000000000000000e+02,1.348559746608384000e+15,6.937440000000000447e-04
7.700000000000000000e+02,7.710000000000000000e+02,1.348559746695102000e+15,6.937440000000000447e-04
7.710000000000000000e+02,7.720000000000000000e+02,1.348559746781824000e+15,6.937760000000000064e-04
7.720000000000000000e+02,7.730000000000000000e+02,1.348559746871546000e+15,7.177760000000000477e-04
7.730000000000000000e+02,7.740000000000000000e+02,1.348559746958264000e+15,6.937440000000000447e-04
7.740000000000000000e+02,7.750000000000000000e+02,1.348559747044986000e+15,6.937760000000000064e-04
7.750000000000000000e+02,7.760000000000000000e+02,1.348559747131704000e+15,6.937440000000000447e-04
7.760000000000000000e+02,7.770000000000000000e+02,1.348559747218422000e+15,6.937440000000000447e-04
7.770000000000000000e+02,7.780000000000000000e+02,1.348559747305144000e+15,6.937760000000000064e-04
7.780000000000000000e+02,7.790000000000000000e+02,1.348559747391862000e+15,6.937440000000000447e-04
7.790000000000000000e+02,7.800000000000000000e+02,1.348559747478582000e+15,6.937599999999999713e-04
7.800000000000000000e+02,7.810000000000000000e+02,1.348559747565302000e+15,6.937599999999999713e-04
7.810000000000000000e+02,7.820000000000000000e+02,1.348559747652022000e+15,6.937599999999999713e-04
7.820000000000000000e+02,7.830000000000000000e+02,1.348559747738740000e+15,6.937440000000000447e-04
7.830000000000000000e+02,7.840000000000000000e+02,1.348559747825458000e+15,6.937440000000000447e-04
7.840000000000000000e+02,7.850000000000000000e+02,1.348559747912180000e+15,6.937760000000000064e-04
7.850000000000000000e+02,7.860000000000000000e+02,1.348559747998898000e+15,6.937440000000000447e-04
7.860000000000000000e+02,7.870000000000000000e+02,1.348559748085616000e+15,6.937440000000000447e-04
7.870000000000000000e+02,7.880000000000000000e+02,1.348559748172338000e+15,6.937760000000000064e-04
7.880000000000000000e+02,7.890000000000000000e+02,1.348559748259056000e+15,6.937440000000000447e-04
7.890000000000000000e+02,7.900000000000000000e+02,1.348559748345776000e+15,6.937599999999999713e-04
7.900000000000000000e+02,7.910000000000000000e+02,1.348559748432496000e+15,6.937599999999999713e-04
7.910000000000000000e+02,7.920000000000000000e+02,1.348559748519216000e+15,6.937599999999999713e-04
7.920000000000000000e+02,7.930000000000000000e+02,1.348559748605934000e+15,6.937440000000000447e-04
7.930000000000000000e+02,7.940000000000000000e+02,1.348559748692656000e+15,6.937760000000000064e-04
7.940000000000000000e+02,7.950000000000000000e+02,1.348559748779374000e+15,6.937440000000000447e-04
7.950000000000000000e+02,7.960000000000000000e+02,1.348559748866094000e+15,6.937599999999999713e-04
7.960000000000000000e+02,7.970000000000000000e+02,1.348559748955818000e+15,7.177919999999999743e-04
7.970000000000000000e+02,7.980000000000000000e+02,1.348559749042536000e+15,6.937440000000000447e-04
7.980000000000000000e+02,7.990000000000000000e+02,1.348559749129254000e+15,6.937440000000000447e-04
7.990000000000000000e+02,8.000000000000000000e+02,1.348559749215976000e+15,6.937760000000000064e-04
